"Name","ID","val_Mean_IoU","val_Class_IoU.0","val_Class_IoU.1","val_Class_IoU.2","val_Class_IoU.3","val_Class_IoU.4","val_Class_IoU.5","val_Class_IoU.6","val_Class_IoU.7","val_Class_IoU.8","val_Class_IoU.9","val_Class_IoU.10","val_Class_IoU.11","val_Class_IoU.12","val_Class_IoU.13","val_Class_IoU.14","val_Class_IoU.15","val_Class_IoU.16","val_Class_IoU.17","val_Class_IoU.18"
"000_DEEPLAB_BASE_EVAL_CITYSCAPES","cnf2hsqb","0.7206828557934419","0.9770326189683844","0.8217232048105904","0.910428005379322","0.4637441835201827","0.5430386982599777","0.5954355595961011","0.6272018837248416","0.7359592062539856","0.912086726046704","0.587499812806232","0.944261401210322","0.7819212563504259","0.5555575012874997","0.9351425551714816","0.6366771869900688","0.7765405294692644","0.6401531959241419","0.5116746543579026","0.7368960799479675"
